original_text,perturbed_text,label
it 's a charming and often affecting journey . ,The journey is delightful and emotionally moving.,1
unflinchingly bleak and desperate ,Unwaveringly dismal and hopeless.,0
allows us to hope that nolan is poised to embark a major career as a commercial yet inventive filmmaker . ,We can hope that Nolan is ready to start a successful career as a creative commercial filmmaker.,1
"the acting , costumes , music , cinematography and sound are all astounding given the production 's austere locales . ","Despite the production's simple settings, the acting, costumes, music, cinematography, and sound are all impressive.",1
"it 's slow -- very , very slow . ",The speed is extremely sluggish.,0
"although laced with humor and a few fanciful touches , the film is a refreshingly serious look at young women . ","The film takes a serious approach to young women, but still includes humor and imaginative elements.",1
a sometimes tedious film . ,A film that can be boring at times.,0
or doing last year 's taxes with your ex-wife . ,Completing taxes from the previous year with your former spouse.,0
you do n't have to know about music to appreciate the film 's easygoing blend of comedy and romance . ,No knowledge of music is necessary to enjoy the film's combination of humor and love.,1
"in exactly 89 minutes , most of which passed as slowly as if i 'd been sitting naked on an igloo , formula 51 sank from quirky to jerky to utter turkey . ","In just 89 minutes, Formula 51 went from being unique to being a complete failure, with most of the time feeling agonizingly slow.",0
the mesmerizing performances of the leads keep the film grounded and keep the audience riveted . ,The captivating leads' performances keep the audience engaged and grounded in the film.,1
"it takes a strange kind of laziness to waste the talents of robert forster , anne meara , eugene levy , and reginald veljohnson all in the same movie . ","It is a waste of talent to have Robert Forster, Anne Meara, Eugene Levy, and Reginald VelJohnson in the same movie and not utilize their abilities.",0
... the film suffers from a lack of humor ( something needed to balance out the violence ) ... ,"The movie lacks humor, which is necessary to offset the violence.",0
"we root for ( clara and paul ) , even like them , though perhaps it 's an emotion closer to pity . ","We support and sympathize with Clara and Paul, although our feelings may be more akin to pity.",1
even horror fans will most likely not find what they 're seeking with trouble every day ; the movie lacks both thrills and humor . ,Horror enthusiasts will be disappointed with Trouble Every Day as it lacks excitement and comedy.,0
"a gorgeous , high-spirited musical from india that exquisitely blends music , dance , song , and high drama . ","A stunning Indian musical that skillfully combines music, dance, song, and drama.",1
the emotions are raw and will strike a nerve with anyone who 's ever had family trauma . ,The emotions are intense and relatable to those who have experienced family trauma.,1
"audrey tatou has a knack for picking roles that magnify her outrageous charm , and in this literate french comedy , she 's as morning-glory exuberant as she was in amélie . ","Audrey Tatou's talent lies in selecting roles that showcase her delightful charm, and in this intelligent French comedy, she exudes the same vivaciousness as she did in Amélie.",1
... the movie is just a plain old monster . ,The movie is a simple monster.,0
"in its best moments , resembles a bad high school production of grease , without benefit of song . ","At its peak, it resembles a poor high school rendition of Grease, minus the music.",0
"pumpkin takes an admirable look at the hypocrisy of political correctness , but it does so with such an uneven tone that you never know when humor ends and tragedy begins . ","Pumpkin examines the hypocrisy of political correctness, but its tone is inconsistent, making it difficult to distinguish between humor and tragedy.",0
the iditarod lasts for days - this just felt like it did . ,The Iditarod felt like it lasted for days.,0
holden caulfield did it better . ,Holden Caulfield did a superior job.,0
"a delectable and intriguing thriller filled with surprises , read my lips is an original . ",Read My Lips is an original and captivating thriller with unexpected twists.,1
seldom has a movie so closely matched the spirit of a man and his work . ,Rarely has a film captured the essence of a person and their profession as closely.,1
"nicks , seemingly uncertain what 's going to make people laugh , runs the gamut from stale parody to raunchy sex gags to formula romantic comedy . ","Nicks' humor ranges from unoriginal imitations to vulgar sexual jokes to predictable romantic comedies, indicating uncertainty about what will be amusing to audiences.",0
"the action switches between past and present , but the material link is too tenuous to anchor the emotional connections that purport to span a 125-year divide . ",The emotional connections that supposedly span 125 years are not well supported by the alternating past and present timeline.,0
it 's an offbeat treat that pokes fun at the democratic exercise while also examining its significance for those who take part . ,The unusual delight satirizes the democratic process while also exploring its importance for participants.,1
"it 's a cookie-cutter movie , a cut-and-paste job . ",The movie is generic and lacks originality.,0
i had to look away - this was god awful . ,I had to avert my gaze because it was terrible.,0
"thanks to scott 's charismatic roger and eisenberg 's sweet nephew , roger dodger is one of the most compelling variations on in the company of men . ","Roger Dodger is a captivating adaptation of In the Company of Men, thanks to the charming character of Scott and the endearing nephew played by Eisenberg.",1
"... designed to provide a mix of smiles and tears , `` crossroads '' instead provokes a handful of unintentional howlers and numerous yawns . ","""Crossroads"" was intended to evoke both laughter and sadness, but instead it elicits unintentional laughter and boredom.",0
"a gorgeous , witty , seductive movie . ",An attractive and charming film with a captivating storyline.,1
"if the movie succeeds in instilling a wary sense of ` there but for the grace of god , ' it is far too self-conscious to draw you deeply into its world . ","The movie tries to make you feel cautious about your own life, but it doesn't fully immerse you in its story.",0
"it does n't believe in itself , it has no sense of humor ... it 's just plain bored . ","It lacks self-confidence, humor, and is simply uninterested.",0
a sequence of ridiculous shoot - 'em - up scenes . ,A series of absurd action scenes.,0
"the weight of the piece , the unerring professionalism of the chilly production , and the fascination embedded in the lurid topic prove recommendation enough . ","The piece's weight, professional production, and intriguing topic make it highly recommended.",1
"( w ) hile long on amiable monkeys and worthy environmentalism , jane goodall 's wild chimpanzees is short on the thrills the oversize medium demands . ","Jane Goodall's book ""Wild Chimpanzees"" lacks the excitement that the media expects, despite her focus on friendly monkeys and important environmentalism.",0
"as surreal as a dream and as detailed as a photograph , as visually dexterous as it is at times imaginatively overwhelming . ","The work is both dreamlike and realistic, with impressive visual skill and occasional imaginative intensity.",1
"escaping the studio , piccoli is warmly affecting and so is this adroitly minimalist movie . ",Piccoli's minimalist movie is emotionally touching after leaving the studio.,1
"there 's ... tremendous energy from the cast , a sense of playfulness and excitement that seems appropriate . ",The cast exudes great energy and a fitting sense of playfulness and excitement.,1
"this illuminating documentary transcends our preconceived vision of the holy land and its inhabitants , revealing the human complexities beneath . ","The documentary goes beyond our expectations of the holy land and its people, uncovering the intricate human nature beneath.",1
the subtle strength of `` elling '' is that it never loses touch with the reality of the grim situation . ,"""Elling"" maintains a connection to the harsh reality of the situation, which is its subtle strength.",1
holm ... embodies the character with an effortlessly regal charisma . ,Holm exudes a natural royal charm.,1
"the title not only describes its main characters , but the lazy people behind the camera as well . ",The title refers to both the main characters and the lazy individuals behind the camera.,0
it offers little beyond the momentary joys of pretty and weightless intellectual entertainment . ,It provides only temporary pleasure through superficial and insignificant mental stimulation.,0
a synthesis of cliches and absurdities that seems positively decadent in its cinematic flash and emptiness . ,The movie is a decadent display of flashy and empty cliches and absurdities.,0
a subtle and well-crafted ( for the most part ) chiller . ,A well-crafted and subtle horror movie.,1
has a lot of the virtues of eastwood at his best . ,He possesses many of Eastwood's best qualities.,1
it 's hampered by a lifetime-channel kind of plot and a lead actress who is out of her depth . ,The movie is hindered by a predictable storyline and an inexperienced lead actress.,0
"it feels like an after-school special gussied up with some fancy special effects , and watching its rote plot points connect is about as exciting as gazing at an egg timer for 93 minutes . ","The movie seems like a typical after-school program with added special effects, and the predictable storyline is as dull as staring at a timer for 93 minutes.",0
"for the most part , director anne-sophie birot 's first feature is a sensitive , extraordinarily well-acted drama . ",Anne-Sophie Birot's debut film is a sensitively crafted and superbly acted drama.,1
"mr. tsai is a very original artist in his medium , and what time is it there ? ","Mr. Tsai is an innovative artist, and do you know the time?",1
sade is an engaging look at the controversial eponymous and fiercely atheistic hero . ,Sade is a captivating portrayal of the contentious protagonist who strongly rejects religion.,1
so devoid of any kind of intelligible story that it makes films like xxx and collateral damage seem like thoughtful treatises ,"The film lacks a coherent plot, making movies such as xxx and collateral damage appear more insightful.",0
"a tender , heartfelt family drama . ",A sincere and emotional story about a family.,1
... a hollow joke told by a cinematic gymnast having too much fun embellishing the misanthropic tale to actually engage it . ,The story was embellished by a playful filmmaker who did not take it seriously.,0
the cold turkey would 've been a far better title . ,"""The title 'cold turkey' would have been more suitable.""",0
manages to be both repulsively sadistic and mundane . ,It is both cruel and ordinary.,0
"it 's just disappointingly superficial -- a movie that has all the elements necessary to be a fascinating , involving character study , but never does more than scratch the surface . ","The movie lacks depth and only superficially explores its characters, despite having the potential for a captivating character study.",0
"this is a story of two misfits who do n't stand a chance alone , but together they are magnificent . ","The story is about two outcasts who are powerless on their own, but when they team up, they become extraordinary.",1
"schaeffer has to find some hook on which to hang his persistently useless movies , and it might as well be the resuscitation of the middle-aged character . ","Schaeffer's consistently unsuccessful movies need a theme, and reviving middle-aged characters could be it.",0
the primitive force of this film seems to bubble up from the vast collective memory of the combatants . ,The film's raw power appears to originate from the combatants' extensive shared recollections.,1
"on this tricky topic , tadpole is very much a step in the right direction , with its blend of frankness , civility and compassion . ","Tadpole's approach to this difficult subject is a positive move, combining honesty, politeness, and empathy.",1
"the script kicks in , and mr. hartley 's distended pace and foot-dragging rhythms follow . ",Mr. Hartley's slow and dragging movements match the script.,0
you wonder why enough was n't just a music video rather than a full-length movie . ,"You question why ""enough"" was made into a feature film instead of just a music video.",0
"if you 're hard up for raunchy college humor , this is your ticket right here . ",This is the perfect source for crude college humor if you're in need.,1
"a fast , funny , highly enjoyable movie . ",An entertaining and amusing film that moves quickly.,1
good old-fashioned slash-and-hack is back ! ,The traditional method of slashing and hacking has returned.,1
"this one is definitely one to skip , even for horror movie fanatics . ",Horror movie enthusiasts should avoid this one.,0
"for all its impressive craftsmanship , and despite an overbearing series of third-act crescendos , lily chou-chou never really builds up a head of emotional steam . ","Despite its impressive craftsmanship, Lily Chou-Chou fails to generate a strong emotional impact, despite an excessive number of climactic moments in the third act.",0
"exquisitely nuanced in mood tics and dialogue , this chamber drama is superbly acted by the deeply appealing veteran bouquet and the chilling but quite human berling . ","The chamber drama is excellently acted by the veteran Bouquet and the chilling yet human Berling, with finely detailed mood tics and dialogue.",1
uses high comedy to evoke surprising poignance . ,High comedy is utilized to create unexpected emotional depth.,1
"one of creepiest , scariest movies to come along in a long , long time , easily rivaling blair witch or the others . ","This movie is one of the scariest and creepiest in a long time, comparable to Blair Witch and other horror films.",1
a string of rehashed sight gags based in insipid vulgarity . ,A series of recycled visual jokes that rely on tasteless crudeness.,0
among the year 's most intriguing explorations of alientation . ,One of the most fascinating investigations of isolation this year.,1
the movie fails to live up to the sum of its parts . ,The movie does not meet expectations despite its individual components.,0
the son 's room is a triumph of gentility that earns its moments of pathos . ,The son's room is elegantly designed and has emotional moments.,1
"there is nothing outstanding about this film , but it is good enough and will likely be appreciated most by sailors and folks who know their way around a submarine . ","The film is decent and will be enjoyed by those familiar with submarines, but it is not exceptional.",1
this is a train wreck of an action film -- a stupefying attempt by the filmmakers to force-feed james bond into the mindless xxx mold and throw 40 years of cinematic history down the toilet in favor of bright flashes and loud bangs . ,"The action film is a disaster, as the filmmakers try to blend James Bond with mindless XXX and disregard 40 years of cinematic history for flashy effects.",0
the draw ( for `` big bad love '' ) is a solid performance by arliss howard . ,"Arliss Howard's strong performance is the main attraction of ""Big Bad Love.""",1
"green might want to hang onto that ski mask , as robbery may be the only way to pay for his next project . ",Green should keep the ski mask as he may need to rob someone to fund his next project.,0
it 's one pussy-ass world when even killer-thrillers revolve around group therapy sessions . ,The world is weak when even thrillers involve group therapy sessions.,0
"though it 's become almost redundant to say so , major kudos go to leigh for actually casting people who look working-class . ",Leigh deserves credit for casting actors who appear to be from a working-class background.,1
"the band 's courage in the face of official repression is inspiring , especially for aging hippies ( this one included ) . ","The band's bravery against government oppression is motivating, particularly for older hippies like myself.",1
the movie achieves as great an impact by keeping these thoughts hidden as ... ( quills ) did by showing them . ,"The movie has a powerful effect by concealing thoughts, similar to how ""Quills"" had an impact by displaying them.",1
"the film flat lines when it should peak and is more missed opportunity and trifle than dark , decadent truffle . ",The movie fails to reach its potential and is more of a disappointment than a rich and indulgent treat.,0
jaglom ... put ( s ) the audience in the privileged position of eavesdropping on his characters ,Jaglom allows the audience to eavesdrop on his characters.,1
fresnadillo 's dark and jolting images have a way of plying into your subconscious like the nightmare you had a week ago that wo n't go away . ,Fresnadillo's unsettling visuals linger in your mind like a persistent nightmare.,1
"we know the plot 's a little crazy , but it held my interest from start to finish . ","Although the plot is somewhat absurd, it kept me engaged throughout the entire story.",1
"it 's a scattershot affair , but when it hits its mark it 's brilliant . ","Although it lacks focus, it is exceptional when it succeeds.",1
"hardly a masterpiece , but it introduces viewers to a good charitable enterprise and some interesting real people . ","While not a masterpiece, the film showcases a commendable charitable organization and intriguing individuals.",1
"you wo n't like roger , but you will quickly recognize him . ","Although you may not be fond of Roger, you will easily identify him.",0
if steven soderbergh 's ` solaris ' is a failure it is a glorious failure . ,"Even if Steven Soderbergh's ""Solaris"" is unsuccessful, it is a magnificent failure.",1
"byler reveals his characters in a way that intrigues and even fascinates us , and he never reduces the situation to simple melodrama . ","Byler's characters are revealed in an intriguing and fascinating manner, without reducing the situation to mere melodrama.",1
this riveting world war ii moral suspense story deals with the shadow side of american culture : racial prejudice in its ugly and diverse forms . ,"This captivating WWII tale explores the dark side of American society, specifically the various and unsightly forms of racial discrimination.",0
"it 's difficult to imagine the process that produced such a script , but here 's guessing that spray cheese and underarm noises played a crucial role . ","The process that created the script is hard to envision, but it's likely that spray cheese and underarm noises were significant factors.",0
"no sophomore slump for director sam mendes , who segues from oscar winner to oscar-winning potential with a smooth sleight of hand . ",Director Sam Mendes avoids a sophomore slump and smoothly transitions from being an Oscar winner to a potential Oscar winner.,1
"on the whole , the movie lacks wit , feeling and believability to compensate for its incessant coarseness and banality . ","Overall, the movie's constant crudeness and dullness outweigh any charm, emotion, or credibility it may have.",0
why make a documentary about these marginal historical figures ? ,What is the reason for creating a documentary about these obscure historical figures?,0
"neither parker nor donovan is a typical romantic lead , but they bring a fresh , quirky charm to the formula . ","Parker and Donovan are not typical romantic leads, but they add a unique and charming twist to the usual formula.",1
"his last movie was poetically romantic and full of indelible images , but his latest has nothing going for it . ","His previous film was beautifully romantic and memorable, while his current one lacks any redeeming qualities.",0
"does paint some memorable images ... , but makhmalbaf keeps her distance from the characters ","Makhmalbaf maintains a distance from the characters, although the painting creates some memorable images.",1
"a gripping movie , played with performances that are all understated and touching . ",The movie is captivating and the performances are subtle and moving.,1
"it 's one of those baseball pictures where the hero is stoic , the wife is patient , the kids are as cute as all get-out and the odds against success are long enough to intimidate , but short enough to make a dream seem possible . ","The baseball picture depicts a stoic hero, a patient wife, adorable kids, and challenging odds that make the dream of success seem achievable.",1
"combining quick-cut editing and a blaring heavy metal much of the time , beck seems to be under the illusion that he 's shooting the latest system of a down video . ","Beck uses fast editing and loud heavy metal music, giving the impression that he is filming a System of a Down music video.",0
the movie 's relatively simple plot and uncomplicated morality play well with the affable cast . ,The likable cast performs well in the movie's straightforward storyline and clear-cut moral values.,1
what the director ca n't do is make either of val kilmer 's two personas interesting or worth caring about . ,The director is unable to make either of Val Kilmer's two characters compelling or worthy of concern.,0
"too often , the viewer is n't reacting to humor so much as they are wincing back in repugnance . ","Frequently, the audience's response is not laughter but rather a recoil of disgust.",0
it 's great escapist fun that recreates a place and time that will never happen again . ,It provides enjoyable escapism by recreating a time and place that is impossible to experience again.,1
"scores no points for originality , wit , or intelligence . ","The work lacks originality, wit, and intelligence.",0
"there is n't nearly enough fun here , despite the presence of some appealing ingredients . ","Despite some attractive elements, there is a lack of enjoyment.",0
hilariously inept and ridiculous . ,Laughably incompetent and absurd.,1
this movie is maddening . ,The movie is frustrating.,0
"it haunts you , you ca n't forget it , you admire its conception and are able to resolve some of the confusions you had while watching it . ","The concept of the film lingers in your mind, leaving a lasting impression and helping to clarify any initial confusion.",1
sam mendes has become valedictorian at the school for soft landings and easy ways out . ,Sam Mendes is now the top student at a school that teaches how to avoid difficult situations.,0
one of the smartest takes on singles culture i 've seen in a long time . ,This is one of the most intelligent perspectives on the culture of single people that I have encountered in a while.,1
"moody , heartbreaking , and filmed in a natural , unforced style that makes its characters seem entirely convincing even when its script is not . ","The film is emotional, authentic, and has a natural style that makes the characters believable despite the imperfect script.",1
every nanosecond of the the new guy reminds you that you could be doing something else far more pleasurable . ,The new person constantly reminds you that there are more enjoyable things you could be doing.,0
comes ... uncomfortably close to coasting in the treads of the bicycle thief . ,It closely resembles following the path of the bicycle thief.,0
"warm water under a red bridge is a quirky and poignant japanese film that explores the fascinating connections between women , water , nature , and sexuality . ","The Japanese film ""Warm Water Under a Red Bridge"" delves into the intriguing relationships among women, water, nature, and sexuality.",1
it seems to me the film is about the art of ripping people off without ever letting them consciously know you have done so ,The movie appears to be about the skill of deceiving people without their awareness of being cheated.,0
old-form moviemaking at its best . ,The best example of traditional filmmaking.,1
turns potentially forgettable formula into something strangely diverting . ,Transforms a formula that could be easily forgotten into something oddly entertaining.,1
"( lawrence bounces ) all over the stage , dancing , running , sweating , mopping his face and generally displaying the wacky talent that brought him fame in the first place . ","Lawrence energetically performs on stage, showcasing his unique talent that made him famous, through dancing, running, sweating, and wiping his face.",1
a movie that reminds us of just how exciting and satisfying the fantasy cinema can be when it 's approached with imagination and flair . ,The film demonstrates the thrill and gratification of imaginative and stylish fantasy cinema.,1
confirms the nagging suspicion that ethan hawke would be even worse behind the camera than he is in front of it . ,The suspicion that Ethan Hawke would be a worse director than actor is confirmed.,0
"in the end , we are left with something like two ships passing in the night rather than any insights into gay love , chinese society or the price one pays for being dishonest . ","Ultimately, we gain no understanding of gay love, Chinese culture, or the consequences of deceit, only a fleeting encounter like two ships passing in the night.",0
montias ... pumps a lot of energy into his nicely nuanced narrative and surrounds himself with a cast of quirky -- but not stereotyped -- street characters . ,"Montias injects a great deal of vitality into his finely crafted story and populates it with eccentric, yet non-clichéd, urban personalities.",1
"it provides the grand , intelligent entertainment of a superior cast playing smart people amid a compelling plot . ",The show offers high-quality amusement with talented actors portraying intelligent characters in an engaging storyline.,1
suffers from the lack of a compelling or comprehensible narrative . ,The absence of a clear and engaging storyline is a problem.,0
"in execution , this clever idea is far less funny than the original , killers from space . ","The clever idea is not as humorous in practice as the original concept of ""Killers from Space.""",0
scooby dooby doo / and shaggy too / you both look and sound great . ,You and Shaggy appear and sound fantastic.,1
"the tale of tok ( andy lau ) , a sleek sociopath on the trail of o ( takashi sorimachi ) , the most legendary of asian hitmen , is too scattershot to take hold . ","The story of Tok, a cunning sociopath pursuing O, the most renowned Asian assassin, lacks coherence.",0
it all drags on so interminably it 's like watching a miserable relationship unfold in real time . ,"The duration feels endless, akin to witnessing a painful relationship unfold in real life.",0
"pumpkin means to be an outrageous dark satire on fraternity life , but its ambitions far exceed the abilities of writer adam larson broder and his co-director , tony r. abrams , in their feature debut . ","The film ""Pumpkin"" attempts to satirize fraternity life, but the writer and co-director's abilities fall short of their ambitious goals in their first feature.",0
looks and feels like a project better suited for the small screen . ,This project appears more suitable for a small screen.,0
"forced , familiar and thoroughly condescending . ","Coerced, acquainted, and extremely patronizing.",0
that is a compliment to kuras and miller . ,Kuras and Miller are being complimented.,1
it 's not the ultimate depression-era gangster movie . ,This is not the ultimate gangster movie from the depression era.,0
sacrifices the value of its wealth of archival foot-age with its less-than-objective stance . ,The organization's biased position undermines the worth of its extensive archival footage.,0
the character of zigzag is not sufficiently developed to support a film constructed around him . ,Zigzag's character is not well-developed enough to be the basis of a film.,0
what better message than ` love thyself ' could young women of any size receive ? ,"Young women of any size could not receive a better message than ""love thyself.""",1
a solid film ... but more conscientious than it is truly stirring . ,"The film is well-made, but it prioritizes being responsible over being emotionally impactful.",1
"while ( hill ) has learned new tricks , the tricks alone are not enough to salvage this lifeless boxing film . ","Although Hill has acquired new skills, they are insufficient to revive this dull boxing movie.",0
the best that can be said about the work here of scottish director ritchie ... is that he obviously does n't have his heart in it . ,The work of Scottish director Ritchie lacks passion.,0
"about a manga-like heroine who fights back at her abusers , it 's energetic and satisfying if not deep and psychological . ","The manga-inspired protagonist battles her abusers with vigor, providing a gratifying experience that lacks depth and psychological complexity.",1
the talented and clever robert rodriguez perhaps put a little too much heart into his first film and did n't reserve enough for his second . ,"Robert Rodriguez, who is talented and clever, may have put too much emotion into his debut film and not enough into his second.",0
feels too formulaic and too familiar to produce the transgressive thrills of early underground work . ,The work seems predictable and lacks the rebellious excitement of earlier underground pieces.,0
"the volatile dynamics of female friendship is the subject of this unhurried , low-key film that is so off-hollywood that it seems positively french in its rhythms and resonance . ",This slow-paced film explores the unpredictable nature of female friendships and has a French-like feel to it.,1
overall very good for what it 's trying to do . ,It is successful in achieving its intended purpose.,1
"a big , gorgeous , sprawling swashbuckler that delivers its diversions in grand , uncomplicated fashion . ",This is a large and beautiful adventure story that provides entertainment in a grand and straightforward manner.,1
"a difficult , absorbing film that manages to convey more substance despite its repetitions and inconsistencies than do most films than are far more pointed and clear . ","Despite its repetitions and inconsistencies, this challenging and captivating film conveys more substance than many clearer and more direct films.",1
the heavy-handed film is almost laughable as a consequence . ,The film's heavy-handedness makes it almost comical.,0
a solid examination of the male midlife crisis . ,A thorough analysis of the midlife crisis experienced by men.,1
a nightmare date with a half-formed wit done a great disservice by a lack of critical distance and a sad trust in liberal arts college bumper sticker platitudes . ,"The date was a disaster due to the person's underdeveloped sense of humor, inability to think critically, and reliance on clichéd liberal arts college slogans.",0
"manages to transcend the sex , drugs and show-tunes plot into something far richer . ","The story goes beyond the typical plot of sex, drugs, and show-tunes to become more complex.",1
it takes talent to make a lifeless movie about the most heinous man who ever lived . ,Creating a dull film about the most evil person in history requires skill.,0
"by getting myself wrapped up in the visuals and eccentricities of many of the characters , i found myself confused when it came time to get to the heart of the movie . ",I became perplexed with the movie's essence as I focused on the characters' peculiarities and visuals.,0
"like leon , it 's frustrating and still oddly likable . ","Similar to Leon, it is both irritating and strangely appealing.",1
"uncommonly stylish but equally silly ... the picture fails to generate much suspense , nor does it ask searching enough questions to justify its pretensions . ",The picture is stylish but silly and lacks suspense and depth.,0
not exactly the bees knees ,Not great.,0
"there seems to be no clear path as to where the story 's going , or how long it 's going to take to get there . ",The story's direction and duration are uncertain.,0
"slapstick buffoonery can tickle many a preschooler 's fancy , but when it costs a family of four about $ 40 to see a film in theaters , why spend money on a dog like this when you can rent a pedigree instead ? ","Although preschoolers may enjoy slapstick comedy, it is not worth spending $40 for a family of four to see it in theaters. Instead, it is more practical to rent a high-quality film.",0
a woman 's pic directed with resonance by ilya chaiken . ,Ilya Chaiken directed a powerful photo of a woman.,1
may reawaken discussion of the kennedy assassination but this fictional film looks made for cable rather than for the big screen . ,"This movie may revive talk about the Kennedy assassination, but it seems more suited for television than for theaters.",0
"characters still need to function according to some set of believable and comprehensible impulses , no matter how many drugs they do or how much artistic license avary employs . ","Regardless of the amount of drugs consumed or artistic freedom taken by the author, characters must adhere to believable and understandable motivations.",0
the end result is a film that 's neither . ,The film is not one thing or the other.,0
manages to be sweet and wickedly satisfying at the same time . ,It is both sweet and satisfyingly wicked.,1
leigh 's film is full of memorable performances from top to bottom . ,Leigh's movie features remarkable acting throughout.,1
"it 's also , clearly , great fun . ",It is also very enjoyable.,1
rarely has leukemia looked so shimmering and benign . ,Leukemia appears unusually harmless and sparkling.,0
it seems like i have been waiting my whole life for this movie and now i ca n't wait for the sequel . ,I have eagerly awaited this movie for a long time and am now excited for its sequel.,1
"determined to be fun , and bouncy , with energetic musicals , the humor did n't quite engage this adult . ","Despite its intention to be lively and entertaining with upbeat music, the humor failed to captivate the adult audience.",0
if you dig on david mamet 's mind tricks ... rent this movie and enjoy ! ,"If you appreciate David Mamet's psychological tactics, watch this movie and have a good time!",1
"bleakly funny , its characters all the more touching for refusing to pity or memorialize themselves . ","The characters in the story are touching because they do not seek pity or commemoration, and the story has a dark sense of humor.",1
"delivers the same old same old , tarted up with latin flava and turned out by hollywood playas . ",The content is unoriginal but has been embellished with Latin influence and produced by Hollywood players.,0
"does n't offer much besides glib soullessness , raunchy language and a series of brutal set pieces ... that raise the bar on stylized screen violence . ","The movie lacks substance and only offers shallow emotions, explicit language, and excessively violent scenes that set a new standard for stylized brutality.",0
it made me want to wrench my eyes out of my head and toss them at the screen . ,The experience was so unbearable that I felt like removing my eyes and throwing them at the screen.,0
the film 's performances are thrilling . ,The movie's acting is exciting.,1
"unfortunately , it 's not silly fun unless you enjoy really bad movies . ","Regrettably, it's only enjoyable if you have a liking for terrible films.",0
it 's a bad thing when a movie has about as much substance as its end credits blooper reel . ,"When a movie's substance is equivalent to its end credits blooper reel, it is not a good thing.",0
"i sympathize with the plight of these families , but the movie does n't do a very good job conveying the issue at hand . ","Although I understand the difficulties faced by these families, the movie fails to effectively communicate the problem.",0
"the lower your expectations , the more you 'll enjoy it . ",You will enjoy it more if you have lower expectations.,0
"though perry and hurley make inspiring efforts to breathe life into the disjointed , haphazard script by jay scherick and david ronn , neither the actors nor director reginald hudlin can make it more than fitfully entertaining . ","Perry and Hurley try to improve the disorganized script by Scherick and Ronn, but Hudlin and the actors cannot make it consistently enjoyable.",0
"a must-see for the david mamet enthusiast and for anyone who appreciates intelligent , stylish moviemaking . ",This film is a must-watch for fans of David Mamet and those who enjoy sophisticated and stylish filmmaking.,1
"pacino is brilliant as the sleep-deprived dormer , his increasing weariness as much existential as it is physical . ","Pacino's portrayal of the sleep-deprived dormer is excellent, with his exhaustion being both physical and existential.",1
` de niro ... is a veritable source of sincere passion that this hollywood contrivance orbits around . ' ,De Niro is the genuine center of passion that this Hollywood fabrication revolves around.,1
"a misogynistic piece of filth that attempts to pass itself off as hip , young adult entertainment . ",A young adult entertainment that tries to appear trendy but is actually a hateful and offensive work towards women.,0
"its story may be a thousand years old , but why did it have to seem like it took another thousand to tell it to us ? ","Although the story is ancient, it was unnecessarily prolonged in its delivery.",0
"try as i may , i ca n't think of a single good reason to see this movie , even though everyone in my group extemporaneously shouted , ` thank you ! ' ","Despite my group's enthusiastic response of ""thank you!"", I cannot come up with any valid justification to watch this film.",0
the movie is beautiful to behold and engages one in a sense of epic struggle -- inner and outer -- that 's all too rare in hollywood 's hastier productions . ,"The film is visually stunning and offers a rare sense of both inner and outer struggle, which is not often found in Hollywood's rushed productions.",1
"a celebration of quirkiness , eccentricity , and certain individuals ' tendency to let it all hang out , and damn the consequences . ",This is a celebration of individuality and disregard for consequences.,1
"morton uses her face and her body language to bring us morvern 's soul , even though the character is almost completely deadpan . ","Morton's facial expressions and body language convey Morvern's inner self, despite the character's lack of emotion.",1
"instead of a hyperbolic beat-charged urban western , it 's an unpretentious , sociologically pointed slice of life . ","It is a simple and socially relevant portrayal of everyday life, rather than an exaggerated and energetic portrayal of urban culture.",1
my thoughts were focused on the characters . ,I was concentrating on the characters.,1
"so , too , is this comedy about mild culture clashing in today 's new delhi . ",This comedy also depicts minor cultural conflicts in modern-day New Delhi.,1
"for starters , the story is just too slim . ","To begin with, the plot is too thin.",0
"this is a winning ensemble comedy that shows canadians can put gentle laughs and equally gentle sentiments on the button , just as easily as their counterparts anywhere else in the world . ","Canadians can create a successful comedy that balances subtle humor and emotions, just like other countries.",1
"at the very least , if you do n't know anything about derrida when you walk into the theater , you wo n't know much more when you leave . ","If you are unfamiliar with Derrida, you will not gain much knowledge about him after watching the play.",0
"the format gets used best ... to capture the dizzying heights achieved by motocross and bmx riders , whose balletic hotdogging occasionally ends in bone-crushing screwups . ",The format is most effective in showcasing the impressive feats and occasional accidents of motocross and BMX riders.,1
"inside the film 's conflict-powered plot there is a decent moral trying to get out , but it 's not that , it 's the tension that keeps you in your seat . ","The film's plot contains a moral message, but it is the tension that captivates the audience.",1
"there ought to be a directing license , so that ed burns can have his revoked . ","Ed Burns should have his directing license revoked, and there should be a license for directing.",0
bad . ,This is not a paragraph and it does not convey any meaning. Please provide a valid paragraph to paraphrase.,0
"that dogged good will of the parents and ` vain ' jia 's defoliation of ego , make the film touching despite some doldrums . ",The film is emotionally moving despite some dull moments due to the persistent determination of the parents and the self-centered behavior of Jia.,1
falls neatly into the category of good stupid fun . ,This fits well into the category of enjoyable foolishness.,1
"smart , provocative and blisteringly funny . ","Intelligent, thought-provoking, and hilariously witty.",1
"and the lesson , in the end , is nothing new . ","Ultimately, there is no novel takeaway.",0
"this is not the undisputed worst boxing movie ever , but it 's certainly not a champion - the big loser is the audience . ","While not the absolute worst boxing film, it falls short and disappoints the viewers.",0
"not only is undercover brother as funny , if not more so , than both austin powers films , but it 's also one of the smarter , savvier spoofs to come along in some time . ",Undercover Brother is a clever and humorous spoof that rivals or surpasses the Austin Powers movies.,1
to say this was done better in wilder 's some like it hot is like saying the sun rises in the east . ,Comparing this to Wilder's Some Like It Hot is as obvious as the sunrise in the east.,0
"the entire movie is about a boring , sad man being boring and sad . ",The movie revolves around a dull and melancholic man who remains uninteresting throughout.,0
"this time mr. burns is trying something in the martin scorsese street-realist mode , but his self-regarding sentimentality trips him up again . ","Mr. Burns attempts a Martin Scorsese-style street realism, but his self-centered sentimentality causes him to stumble.",0
"perceptive in its vision of nascent industrialized world politics as a new art form , but far too clunky , didactic and saddled with scenes that seem simply an ill fit for this movie . ","The movie accurately portrays the politics of the emerging industrialized world, but is too cumbersome and didactic, with scenes that do not fit well.",0
"the best revenge may just be living well because this film , unlike other dumas adaptations , is far more likened to a treasure than a lengthy jail sentence . ","Living well may be the ultimate revenge, and this film is more like a treasure than a punishment, unlike other adaptations of Dumas' works.",1
the movie understands like few others how the depth and breadth of emotional intimacy give the physical act all of its meaning and most of its pleasure . ,Few movies grasp the significance and enjoyment of the physical act through the depth and breadth of emotional intimacy.,1
"all that 's missing is the spontaneity , originality and delight . ","The only things absent are spontaneity, creativity, and joy.",0
"what the film lacks in general focus it makes up for in compassion , as corcuera manages to find the seeds of hope in the form of collective action . ","Although the film lacks a clear focus, it compensates with compassion by highlighting the potential for positive change through collective action.",1
the socio-histo-political treatise is told in earnest strides ... ( and ) personal illusion is deconstructed with poignancy . ,"The serious socio-historical-political analysis is presented with sincerity, while the emotional delusion is dismantled with emotional impact.",1
my reaction in a word : disappointment . ,I am disappointed.,0
"a psychological thriller with a genuinely spooky premise and an above-average cast , actor bill paxton 's directing debut is a creepy slice of gothic rural americana . ",Bill Paxton's directorial debut is a creepy psychological thriller set in rural America with a spooky premise and a talented cast.,1
"corny , schmaltzy and predictable , but still manages to be kind of heartwarming , nonetheless . ","Despite being corny, schmaltzy, and predictable, the movie is still somewhat heartwarming.",1
"nothing 's at stake , just a twisty double-cross you can smell a mile away -- still , the derivative nine queens is lots of fun . ","Although the plot is predictable, Nine Queens is an enjoyable movie with no real consequences.",1
"far more imaginative and ambitious than the trivial , cash-in features nickelodeon has made from its other animated tv series . ","Nickelodeon's other animated TV series have been turned into cash-grabbing features, while this one is more creative and ambitious.",1
"of course , by more objective measurements it 's still quite bad . ","However, objectively speaking, it is still quite poor.",0
"as the two leads , lathan and diggs are charming and have chemistry both as friends and lovers . ","Lathan and Diggs, the main actors, are delightful and have a strong connection as both friends and romantic partners.",1
it provides an honest look at a community striving to anchor itself in new grounds . ,The community is trying to establish itself in a new location and this is portrayed truthfully.,1
this movie seems to have been written using mad-libs . ,It appears that this film was created using a mad-libs format.,0
reign of fire looks as if it was made without much thought -- and is best watched that way . ,The movie Reign of Fire appears to have been made hastily and is most enjoyable when viewed with that in mind.,1
"martin and barbara are complex characters -- sometimes tender , sometimes angry -- and the delicate performances by sven wollter and viveka seldahl make their hopes and frustrations vivid . ","Sven Wollter and Viveka Seldahl's nuanced performances bring to life the complex and fluctuating emotions of Martin and Barbara, who are both capable of tenderness and anger.",1
"it 's not that kung pow is n't funny some of the time -- it just is n't any funnier than bad martial arts movies are all by themselves , without all oedekerk 's impish augmentation . ",Kung Pow is not funnier than bad martial arts movies without Oedekerk's added humor.,0
i 'd have to say the star and director are the big problems here . ,The star and director are the main issues.,0
affleck and jackson are good sparring partners . ,Affleck and Jackson make great opponents in sparring.,1
"whether you like rap music or loathe it , you ca n't deny either the tragic loss of two young men in the prime of their talent or the power of this movie . ","Regardless of your opinion on rap music, it is impossible to ignore the tragic deaths of two talented young men and the impact of this film.",1
not since japanese filmmaker akira kurosawa 's ran have the savagery of combat and the specter of death been visualized with such operatic grandeur . ,"The depiction of combat and death has not been portrayed with such grandeur since Akira Kurosawa's film ""Ran.""",1
a by-the-numbers effort that wo n't do much to enhance the franchise . ,A mediocre attempt that will not improve the franchise significantly.,0
"an occasionally funny , but overall limp , fish-out-of-water story . ",A fish-out-of-water story that is sometimes humorous but lacks overall impact.,0
brilliantly explores the conflict between following one 's heart and following the demands of tradition . ,The conflict between following personal desires and adhering to traditional expectations is expertly examined.,1
"despite the 2-d animation , the wild thornberrys movie makes for a surprisingly cinematic experience . ",The Wild Thornberrys movie provides a cinematic experience despite its 2D animation.,1
it appears that something has been lost in the translation to the screen . ,The screen adaptation seems to have lost something in translation.,0
it all feels like a monty python sketch gone horribly wrong . ,The situation seems like a disastrous Monty Python skit.,0
the film tunes into a grief that could lead a man across centuries . ,The movie taps into a sorrow that could transport a person through time.,1
"dazzles with its fully-written characters , its determined stylishness ( which always relates to characters and story ) and johnny dankworth 's best soundtrack in years . ","The movie impresses with its well-developed characters, consistent stylishness that complements the story, and Johnny Dankworth's exceptional soundtrack.",1
it 's a work by an artist so in control of both his medium and his message that he can improvise like a jazzman . ,"The artist is skilled in both his medium and message, allowing him to improvise like a jazz musician.",1
it 's the chemistry between the women and the droll scene-stealing wit and wolfish pessimism of anna chancellor that makes this `` two weddings and a funeral '' fun . ,"The enjoyable aspect of ""Two Weddings and a Funeral"" is the chemistry among the women and Anna Chancellor's witty and pessimistic performance.",1
"stealing harvard is evidence that the farrelly bros. -- peter and bobby -- and their brand of screen comedy are wheezing to an end , along with green 's half-hearted movie career . ","The movie ""Stealing Harvard"" suggests that the Farrelly brothers and their style of comedy, as well as Tom Green's acting career, are coming to a close.",0
"a full world has been presented onscreen , not some series of carefully structured plot points building to a pat resolution . ","The screen has depicted a complete world, not just a series of planned events leading to a predictable ending.",1
huston nails both the glad-handing and the choking sense of hollow despair . ,Huston successfully portrays both the friendly and depressing aspects.,1
one of the more intelligent children 's movies to hit theaters this year . ,This year's movie releases include a smart children's film.,1
the film tries too hard to be funny and tries too hard to be hip . ,The movie attempts to be overly humorous and trendy.,0
blanchett 's performance confirms her power once again . ,Blanchett proves her strength once more through her performance.,1
"if you believe any of this , i can make you a real deal on leftover enron stock that will double in value a week from friday . ",I can offer you a great deal on Enron stock that will double in value by next Friday if you are interested.,0
attempts by this ensemble film to impart a message are so heavy-handed that they instead pummel the audience . ,The film's efforts to convey a message are too forceful and overwhelming for the audience.,0
no one but a convict guilty of some truly heinous crime should have to sit through the master of disguise . ,"Only a criminal who has committed a truly terrible offense should be forced to watch the movie ""The Master of Disguise.""",0
rarely has so much money delivered so little entertainment . ,The amount of money spent did not result in much entertainment.,0
taylor appears to have blown his entire budget on soundtrack rights and had nothing left over for jokes . ,It seems that Taylor spent all his money on acquiring the rights to the soundtrack and had no funds remaining for humor.,0
`` the time machine '' is a movie that has no interest in itself . ,"""The Time Machine"" movie lacks self-interest.",0
a rarity among recent iranian films : it 's a comedy full of gentle humor that chides the absurdity of its protagonist 's plight . ,"Uncommon in Iranian cinema, this comedy uses subtle humor to mock the ridiculousness of the main character's situation.",1
"/ but daphne , you 're too buff / fred thinks he 's tough / and velma - wow , you 've lost weight ! ","Daphne is muscular, Fred is confident, and Velma has lost weight.",0
"the very definition of the ` small ' movie , but it is a good stepping stone for director sprecher . ","Although it is a small film, it serves as a valuable starting point for director Sprecher.",1
"it 's like every bad idea that 's ever gone into an after-school special compiled in one place , minus those daytime programs ' slickness and sophistication ( and who knew they even had any ? ) . ","All the bad ideas from after-school specials are combined in one place, without the polished and sophisticated presentation of daytime programs.",0
"chilling , well-acted , and finely directed : david jacobson 's dahmer . ",David Jacobson's Dahmer is a well-directed and well-acted film that is chilling.,1
"it ca n't decide if it wants to be a mystery/thriller , a romance or a comedy . ","The genre of the story is uncertain, as it could be a mystery/thriller, romance, or comedy.",0
"paid in full is so stale , in fact , that its most vibrant scene is one that uses clips from brian de palma 's scarface . ","The phrase ""paid in full"" is outdated and unexciting, with the liveliest representation being a scene featuring clips from the movie Scarface directed by Brian De Palma.",0
"a coda in every sense , the pinochet case splits time between a minute-by-minute account of the british court 's extradition chess game and the regime 's talking-head survivors . ",The Pinochet case covers both the British court's extradition process and interviews with survivors of the regime.,1
"it 's played in the most straight-faced fashion , with little humor to lighten things up . ",The game is played seriously without much humor.,0
a dumb movie with dumb characters doing dumb things and you have to be really dumb not to see where this is going . ,"The movie is foolish, the characters are foolish, and the plot is predictable. Only a foolish person would not see the outcome.",0
"with virtually no interesting elements for an audience to focus on , chelsea walls is a triple-espresso endurance challenge . ","Chelsea Walls is a tedious experience for viewers as it lacks any captivating features, making it a difficult task to sit through.",0
dense with characters and contains some thrilling moments . ,The story is packed with characters and has exciting parts.,1
as unseemly as its title suggests . ,As inappropriate as its name implies.,1
it 's like watching a nightmare made flesh . ,It's like witnessing a horrifying dream come to life.,0
"minority report is exactly what the title indicates , a report . ","The title ""Minority Report"" is a report.",1
"it 's hard to like a film about a guy who is utterly unlikeable , and shiner , starring michael caine as an aging british boxing promoter desperate for a taste of fame and fortune , is certainly that . ","Shiner, featuring Michael Caine as a British boxing promoter seeking fame and fortune, is difficult to enjoy due to the protagonist's unlikable nature.",0
"an entertaining , colorful , action-filled crime story with an intimate heart . ","A crime story that is both entertaining and action-packed, yet also has a personal touch.",1
"for this reason and this reason only -- the power of its own steadfast , hoity-toity convictions -- chelsea walls deserves a medal . ",Chelsea Walls deserves a medal solely for its unwavering and arrogant beliefs.,1
"it just may inspire a few younger moviegoers to read stevenson 's book , which is a treasure in and of itself . ","The movie could encourage young viewers to read Stevenson's book, which is valuable on its own.",1
basically a static series of semi-improvised ( and semi-coherent ) raps between the stars . ,The stars engage in semi-improvised and semi-coherent raps that are essentially static.,0
... with `` the bourne identity '' we return to the more traditional action genre . ,"The movie ""The Bourne Identity"" marks a return to the classic action genre.",1
"it 's so good that its relentless , polished wit can withstand not only inept school productions , but even oliver parker 's movie adaptation . ",The relentless and polished wit of the work is so good that it can withstand both inept school productions and Oliver Parker's movie adaptation.,1
chokes on its own depiction of upper-crust decorum . ,The movie fails to accurately portray high-class manners and etiquette.,0
"while there 's something intrinsically funny about sir anthony hopkins saying ` get in the car , bitch , ' this jerry bruckheimer production has little else to offer ","Apart from the humor in Sir Anthony Hopkins saying ""get in the car, bitch,"" this Jerry Bruckheimer production lacks substance.",1
a rewarding work of art for only the most patient and challenge-hungry moviegoers . ,This artwork is fulfilling for those who are patient and enjoy challenges.,1
directed in a paint-by-numbers manner . ,Painting in a methodical way using numbered sections.,0
k-19 exploits our substantial collective fear of nuclear holocaust to generate cheap hollywood tension . ,The movie K-19 uses our fear of nuclear war to create artificial suspense in a Hollywood-style production.,0
"at its best , queen is campy fun like the vincent price horror classics of the '60s . ",Queen is most enjoyable when it is campy and reminiscent of 1960s Vincent Price horror films.,1
"it 's a much more emotional journey than what shyamalan has given us in his past two movies , and gibson , stepping in for bruce willis , is the perfect actor to take us on the trip . ","The emotional journey in this movie is greater than Shyamalan's previous two films, and Gibson is the ideal replacement for Willis to guide us through it.",1
the quality of the art combined with the humor and intelligence of the script allow the filmmakers to present the biblical message of forgiveness without it ever becoming preachy or syrupy . ,"The filmmakers effectively convey the biblical message of forgiveness through high-quality art and a witty, intelligent script, without being overly preachy or sentimental.",1
cool ? ,This paragraph cannot be paraphrased as it is not a coherent statement or idea.,1
"deliriously funny , fast and loose , accessible to the uninitiated , and full of surprises ",This is a hilariously entertaining and unpredictable experience that is easy for anyone to enjoy.,1
"even with a green mohawk and a sheet of fire-red flame tattoos covering his shoulder , however , kilmer seems to be posing , rather than acting . ","Despite his green mohawk and flame tattoos, Kilmer appears to be posing instead of acting.",0
"at a time when half the so-called real movies are little more than live-action cartoons , it 's refreshing to see a cartoon that knows what it is , and knows the form 's history . ","Amidst a sea of live-action movies that resemble cartoons, it is a relief to witness a cartoon that is aware of its identity and the genre's past.",1
"the old-world - meets-new mesh is incarnated in the movie 's soundtrack , a joyful effusion of disco bollywood that , by the end of monsoon wedding , sent my spirit soaring out of the theater . ","The movie's soundtrack combines old and new elements, with disco and Bollywood influences, creating a joyful and uplifting experience that left me feeling elated after watching Monsoon Wedding.",1
jones ... does offer a brutal form of charisma . ,Jones has a harsh type of charm.,1
its well of thorn and vinegar ( and simple humanity ) has long been plundered by similar works featuring the insight and punch this picture so conspicuously lacks . ,Similar works have already explored the depths of pain and emotion that this picture fails to capture.,0
travels a fascinating arc from hope and euphoria to reality and disillusionment . ,The journey goes from optimism and excitement to truth and disappointment.,1
serving sara does n't serve up a whole lot of laughs . ,Sara's service is not very funny.,0
"the sort of film that makes me miss hitchcock , but also feel optimistic that there 's hope for popular cinema yet . ",This film reminds me of Hitchcock and gives me hope for the future of popular movies.,1
"fun , flip and terribly hip bit of cinematic entertainment . ",A highly enjoyable and trendy piece of film entertainment.,1
"the x potion gives the quickly named blossom , bubbles and buttercup supernatural powers that include extraordinary strength and laser-beam eyes , which unfortunately do n't enable them to discern flimsy screenplays . ","The X potion grants Blossom, Bubbles, and Buttercup superhuman abilities such as immense strength and laser vision, but they cannot distinguish weak scripts.",0
the wild thornberrys movie is a jolly surprise . ,"The movie ""The Wild Thornberrys"" is a pleasant and unexpected delight.",1
